timestamp,level_m,source_stream,data_category,provenance,is_observed,quality_flag,station_id,gauge_location,latitude,longitude,river_discharge,danger_level_m,data_source
2007-07-20 00:00:00+05:30,75.80000000000487,MANUAL,OBSERVED,OBSERVED — MANUAL,True,FALLBACK_MANUAL,12359,N.T. Road Crossing,26.92,92.75,,77.0,India-WRIS/CWC Hybrid
2007-07-20 01:00:00+05:30,75.80000000000689,MANUAL,OBSERVED,OBSERVED — MANUAL,True,FALLBACK_MANUAL,12359,N.T. Road Crossing,26.92,92.75,,77.0,India-WRIS/CWC Hybrid
2007-07-20 02:00:00+05:30,75.8000000000097,MANUAL,OBSERVED,OBSERVED — MANUAL,True,FALLBACK_MANUAL,12359,N.T. Road Crossing,26.92,92.75,,77.0,India-WRIS/CWC Hybrid
2007-07-20 03:00:00+05:30,75.80000000001365,MANUAL,OBSERVED,OBSERVED — MANUAL,True,FALLBACK_MANUAL,12359,N.T. Road Crossing,26.92,92.75,,77.0,India-WRIS/CWC Hybrid
2007-07-20 04:00:00+05:30,75.80000000001917,MANUAL,OBSERVED,OBSERVED — MANUAL,True,FALLBACK_MANUAL,12359,N.T. Road Crossing,26.92,92.75,,77.0,India-WRIS/CWC Hybrid
2007-07-20 05:00:00+05:30,75.80000000002684,MANUAL,OBSERVED,OBSERVED — MANUAL,True,FALLBACK_MANUAL,12359,N.T. Road Crossing,26.92,92.75,,77.0,India-WRIS/CWC Hybrid
2007-07-20 06:00:00+05:30,75.8000000000375,MANUAL,OBSERVED,OBSERVED — MANUAL,True,FALLBACK_MANUAL,12359,N.T. Road Crossing,26.92,92.75,,77.0,India-WRIS/CWC Hybrid
2007-07-20 07:00:00+05:30,75.80000000005226,MANUAL,OBSERVED,OBSERVED — MANUAL,True,FALLBACK_MANUAL,12359,N.T. Road Crossing,26.92,92.75,,77.0,India-WRIS/CWC Hybrid
2007-07-20 08:00:00+05:30,75.80000000007271,MANUAL,OBSERVED,OBSERVED — MANUAL,True,FALLBACK_MANUAL,12359,N.T. Road Crossing,26.92,92.75,,77.0,India-WRIS/CWC Hybrid
2007-07-20 09:00:00+05:30,75.80000000010091,MANUAL,OBSERVED,OBSERVED — MANUAL,True,FALLBACK_MANUAL,12359,N.T. Road Crossing,26.92,92.75,,77.0,India-WRIS/CWC Hybrid
2007-07-20 10:00:00+05:30,75.80000000013975,MANUAL,OBSERVED,OBSERVED — MANUAL,True,FALLBACK_MANUAL,12359,N.T. Road Crossing,26.92,92.75,,77.0,India-WRIS/CWC Hybrid
2007-07-20 11:00:00+05:30,75.8000000001931,MANUAL,OBSERVED,OBSERVED — MANUAL,True,FALLBACK_MANUAL,12359,N.T. Road Crossing,26.92,92.75,,77.0,India-WRIS/CWC Hybrid
2007-07-20 12:00:00+05:30,75.80000000026621,MANUAL,OBSERVED,OBSERVED — MANUAL,True,FALLBACK_MANUAL,12359,N.T. Road Crossing,26.92,92.75,,77.0,India-WRIS/CWC Hybrid
2007-07-20 13:00:00+05:30,75.8000000003662,MANUAL,OBSERVED,OBSERVED — MANUAL,True,FALLBACK_MANUAL,12359,N.T. Road Crossing,26.92,92.75,,77.0,India-WRIS/CWC Hybrid
2007-07-20 14:00:00+05:30,75.80000000050262,MANUAL,OBSERVED,OBSERVED — MANUAL,True,FALLBACK_MANUAL,12359,N.T. Road Crossing,26.92,92.75,,77.0,India-WRIS/CWC Hybrid
2007-07-20 15:00:00+05:30,75.80000000068833,MANUAL,OBSERVED,OBSERVED — MANUAL,True,FALLBACK_MANUAL,12359,N.T. Road Crossing,26.92,92.75,,77.0,India-WRIS/CWC Hybrid
2007-07-20 16:00:00+05:30,75.80000000094057,MANUAL,OBSERVED,OBSERVED — MANUAL,True,FALLBACK_MANUAL,12359,N.T. Road Crossing,26.92,92.75,,77.0,India-WRIS/CWC Hybrid
2007-07-20 17:00:00+05:30,75.8000000012824,MANUAL,OBSERVED,OBSERVED — MANUAL,True,FALLBACK_MANUAL,12359,N.T. Road Crossing,26.92,92.75,,77.0,India-WRIS/CWC Hybrid
2007-07-20 18:00:00+05:30,75.80000000174458,MANUAL,OBSERVED,OBSERVED — MANUAL,True,FALLBACK_MANUAL,12359,N.T. Road Crossing,26.92,92.75,,77.0,India-WRIS/CWC Hybrid
2007-07-20 19:00:00+05:30,75.80000000236807,MANUAL,OBSERVED,OBSERVED — MANUAL,True,FALLBACK_MANUAL,12359,N.T. Road Crossing,26.92,92.75,,77.0,India-WRIS/CWC Hybrid
2007-07-20 20:00:00+05:30,75.80000000320722,MANUAL,OBSERVED,OBSERVED — MANUAL,True,FALLBACK_MANUAL,12359,N.T. Road Crossing,26.92,92.75,,77.0,India-WRIS/CWC Hybrid
2007-07-20 21:00:00+05:30,75.80000000433411,MANUAL,OBSERVED,OBSERVED — MANUAL,True,FALLBACK_MANUAL,12359,N.T. Road Crossing,26.92,92.75,,77.0,India-WRIS/CWC Hybrid
2007-07-20 22:00:00+05:30,75.80000000584394,MANUAL,OBSERVED,OBSERVED — MANUAL,True,FALLBACK_MANUAL,12359,N.T. Road Crossing,26.92,92.75,,77.0,India-WRIS/CWC Hybrid
2007-07-20 23:00:00+05:30,75.8,INTERPOLATED,DERIVED,DERIVED — INTERPOLATED,False,INTERPOLATED,12359,N.T. Road Crossing,26.92,92.75,,77.0,India-WRIS/CWC Hybrid
2007-07-21 00:00:00+05:30,75.8,INTERPOLATED,DERIVED,DERIVED — INTERPOLATED,False,INTERPOLATED,12359,N.T. Road Crossing,26.92,92.75,,77.0,India-WRIS/CWC Hybrid
2007-07-21 01:00:00+05:30,,,UNAVAILABLE,UNAVAILABLE,False,MISSING,12359,N.T. Road Crossing,26.92,92.75,,77.0,India-WRIS/CWC Hybrid
2007-07-21 02:00:00+05:30,,,UNAVAILABLE,UNAVAILABLE,False,MISSING,12359,N.T. Road Crossing,26.92,92.75,,77.0,India-WRIS/CWC Hybrid
2007-07-21 03:00:00+05:30,,,UNAVAILABLE,UNAVAILABLE,False,MISSING,12359,N.T. Road Crossing,26.92,92.75,,77.0,India-WRIS/CWC Hybrid
2007-07-21 04:00:00+05:30,,,UNAVAILABLE,UNAVAILABLE,False,MISSING,12359,N.T. Road Crossing,26.92,92.75,,77.0,India-WRIS/CWC Hybrid
2007-07-21 05:00:00+05:30,,,UNAVAILABLE,UNAVAILABLE,False,MISSING,12359,N.T. Road Crossing,26.92,92.75,,77.0,India-WRIS/CWC Hybrid
2007-07-21 06:00:00+05:30,,,UNAVAILABLE,UNAVAILABLE,False,MISSING,12359,N.T. Road Crossing,26.92,92.75,,77.0,India-WRIS/CWC Hybrid
2007-07-21 07:00:00+05:30,,,UNAVAILABLE,UNAVAILABLE,False,MISSING,12359,N.T. Road Crossing,26.92,92.75,,77.0,India-WRIS/CWC Hybrid
2007-07-21 08:00:00+05:30,,,UNAVAILABLE,UNAVAILABLE,False,MISSING,12359,N.T. Road Crossing,26.92,92.75,,77.0,India-WRIS/CWC Hybrid
2007-07-21 09:00:00+05:30,,,UNAVAILABLE,UNAVAILABLE,False,MISSING,12359,N.T. Road Crossing,26.92,92.75,,77.0,India-WRIS/CWC Hybrid
2007-07-21 10:00:00+05:30,,,UNAVAILABLE,UNAVAILABLE,False,MISSING,12359,N.T. Road Crossing,26.92,92.75,,77.0,India-WRIS/CWC Hybrid
2007-07-21 11:00:00+05:30,,,UNAVAILABLE,UNAVAILABLE,False,MISSING,12359,N.T. Road Crossing,26.92,92.75,,77.0,India-WRIS/CWC Hybrid
2007-07-21 12:00:00+05:30,,,UNAVAILABLE,UNAVAILABLE,False,MISSING,12359,N.T. Road Crossing,26.92,92.75,,77.0,India-WRIS/CWC Hybrid
2007-07-21 13:00:00+05:30,,,UNAVAILABLE,UNAVAILABLE,False,MISSING,12359,N.T. Road Crossing,26.92,92.75,,77.0,India-WRIS/CWC Hybrid
2007-07-21 14:00:00+05:30,,,UNAVAILABLE,UNAVAILABLE,False,MISSING,12359,N.T. Road Crossing,26.92,92.75,,77.0,India-WRIS/CWC Hybrid
2007-07-21 15:00:00+05:30,,,UNAVAILABLE,UNAVAILABLE,False,MISSING,12359,N.T. Road Crossing,26.92,92.75,,77.0,India-WRIS/CWC Hybrid
2007-07-21 16:00:00+05:30,,,UNAVAILABLE,UNAVAILABLE,False,MISSING,12359,N.T. Road Crossing,26.92,92.75,,77.0,India-WRIS/CWC Hybrid
2007-07-21 17:00:00+05:30,,,UNAVAILABLE,UNAVAILABLE,False,MISSING,12359,N.T. Road Crossing,26.92,92.75,,77.0,India-WRIS/CWC Hybrid
2007-07-21 18:00:00+05:30,,,UNAVAILABLE,UNAVAILABLE,False,MISSING,12359,N.T. Road Crossing,26.92,92.75,,77.0,India-WRIS/CWC Hybrid
2007-07-21 19:00:00+05:30,,,UNAVAILABLE,UNAVAILABLE,False,MISSING,12359,N.T. Road Crossing,26.92,92.75,,77.0,India-WRIS/CWC Hybrid
2007-07-21 20:00:00+05:30,,,UNAVAILABLE,UNAVAILABLE,False,MISSING,12359,N.T. Road Crossing,26.92,92.75,,77.0,India-WRIS/CWC Hybrid
2007-07-21 21:00:00+05:30,,,UNAVAILABLE,UNAVAILABLE,False,MISSING,12359,N.T. Road Crossing,26.92,92.75,,77.0,India-WRIS/CWC Hybrid
2007-07-21 22:00:00+05:30,,,UNAVAILABLE,UNAVAILABLE,False,MISSING,12359,N.T. Road Crossing,26.92,92.75,,77.0,India-WRIS/CWC Hybrid
2007-07-21 23:00:00+05:30,,,UNAVAILABLE,UNAVAILABLE,False,MISSING,12359,N.T. Road Crossing,26.92,92.75,,77.0,India-WRIS/CWC Hybrid
2007-07-22 00:00:00+05:30,,,UNAVAILABLE,UNAVAILABLE,False,MISSING,12359,N.T. Road Crossing,26.92,92.75,,77.0,India-WRIS/CWC Hybrid
2007-07-22 01:00:00+05:30,,,UNAVAILABLE,UNAVAILABLE,False,MISSING,12359,N.T. Road Crossing,26.92,92.75,,77.0,India-WRIS/CWC Hybrid
2007-07-22 02:00:00+05:30,,,UNAVAILABLE,UNAVAILABLE,False,MISSING,12359,N.T. Road Crossing,26.92,92.75,,77.0,India-WRIS/CWC Hybrid
2007-07-22 03:00:00+05:30,,,UNAVAILABLE,UNAVAILABLE,False,MISSING,12359,N.T. Road Crossing,26.92,92.75,,77.0,India-WRIS/CWC Hybrid
2007-07-22 04:00:00+05:30,,,UNAVAILABLE,UNAVAILABLE,False,MISSING,12359,N.T. Road Crossing,26.92,92.75,,77.0,India-WRIS/CWC Hybrid
2007-07-22 05:00:00+05:30,,,UNAVAILABLE,UNAVAILABLE,False,MISSING,12359,N.T. Road Crossing,26.92,92.75,,77.0,India-WRIS/CWC Hybrid
2007-07-22 06:00:00+05:30,,,UNAVAILABLE,UNAVAILABLE,False,MISSING,12359,N.T. Road Crossing,26.92,92.75,,77.0,India-WRIS/CWC Hybrid
2007-07-22 07:00:00+05:30,,,UNAVAILABLE,UNAVAILABLE,False,MISSING,12359,N.T. Road Crossing,26.92,92.75,,77.0,India-WRIS/CWC Hybrid
2007-07-22 08:00:00+05:30,,,UNAVAILABLE,UNAVAILABLE,False,MISSING,12359,N.T. Road Crossing,26.92,92.75,,77.0,India-WRIS/CWC Hybrid
2007-07-22 09:00:00+05:30,,,UNAVAILABLE,UNAVAILABLE,False,MISSING,12359,N.T. Road Crossing,26.92,92.75,,77.0,India-WRIS/CWC Hybrid
2007-07-22 10:00:00+05:30,,,UNAVAILABLE,UNAVAILABLE,False,MISSING,12359,N.T. Road Crossing,26.92,92.75,,77.0,India-WRIS/CWC Hybrid
2007-07-22 11:00:00+05:30,,,UNAVAILABLE,UNAVAILABLE,False,MISSING,12359,N.T. Road Crossing,26.92,92.75,,77.0,India-WRIS/CWC Hybrid
2007-07-22 12:00:00+05:30,,,UNAVAILABLE,UNAVAILABLE,False,MISSING,12359,N.T. Road Crossing,26.92,92.75,,77.0,India-WRIS/CWC Hybrid
2007-07-22 13:00:00+05:30,,,UNAVAILABLE,UNAVAILABLE,False,MISSING,12359,N.T. Road Crossing,26.92,92.75,,77.0,India-WRIS/CWC Hybrid
2007-07-22 14:00:00+05:30,,,UNAVAILABLE,UNAVAILABLE,False,MISSING,12359,N.T. Road Crossing,26.92,92.75,,77.0,India-WRIS/CWC Hybrid
2007-07-22 15:00:00+05:30,,,UNAVAILABLE,UNAVAILABLE,False,MISSING,12359,N.T. Road Crossing,26.92,92.75,,77.0,India-WRIS/CWC Hybrid
2007-07-22 16:00:00+05:30,,,UNAVAILABLE,UNAVAILABLE,False,MISSING,12359,N.T. Road Crossing,26.92,92.75,,77.0,India-WRIS/CWC Hybrid
2007-07-22 17:00:00+05:30,,,UNAVAILABLE,UNAVAILABLE,False,MISSING,12359,N.T. Road Crossing,26.92,92.75,,77.0,India-WRIS/CWC Hybrid
2007-07-22 18:00:00+05:30,,,UNAVAILABLE,UNAVAILABLE,False,MISSING,12359,N.T. Road Crossing,26.92,92.75,,77.0,India-WRIS/CWC Hybrid
2007-07-22 19:00:00+05:30,,,UNAVAILABLE,UNAVAILABLE,False,MISSING,12359,N.T. Road Crossing,26.92,92.75,,77.0,India-WRIS/CWC Hybrid
2007-07-22 20:00:00+05:30,,,UNAVAILABLE,UNAVAILABLE,False,MISSING,12359,N.T. Road Crossing,26.92,92.75,,77.0,India-WRIS/CWC Hybrid
2007-07-22 21:00:00+05:30,75.80060110061368,MANUAL,OBSERVED,OBSERVED — MANUAL,True,FALLBACK_MANUAL,12359,N.T. Road Crossing,26.92,92.75,,77.0,India-WRIS/CWC Hybrid
2007-07-22 22:00:00+05:30,75.80072849776172,MANUAL,OBSERVED,OBSERVED — MANUAL,True,FALLBACK_MANUAL,12359,N.T. Road Crossing,26.92,92.75,,77.0,India-WRIS/CWC Hybrid
2007-07-22 23:00:00+05:30,75.80088093562527,MANUAL,OBSERVED,OBSERVED — MANUAL,True,FALLBACK_MANUAL,12359,N.T. Road Crossing,26.92,92.75,,77.0,India-WRIS/CWC Hybrid
2007-07-23 00:00:00+05:30,75.80106290640977,MANUAL,OBSERVED,OBSERVED — MANUAL,True,FALLBACK_MANUAL,12359,N.T. Road Crossing,26.92,92.75,,77.0,India-WRIS/CWC Hybrid
2007-07-23 01:00:00+05:30,75.80127961929453,MANUAL,OBSERVED,OBSERVED — MANUAL,True,FALLBACK_MANUAL,12359,N.T. Road Crossing,26.92,92.75,,77.0,India-WRIS/CWC Hybrid
2007-07-23 02:00:00+05:30,75.80153709756621,MANUAL,OBSERVED,OBSERVED — MANUAL,True,FALLBACK_MANUAL,12359,N.T. Road Crossing,26.92,92.75,,77.0,India-WRIS/CWC Hybrid
2007-07-23 03:00:00+05:30,75.80184228574244,MANUAL,OBSERVED,OBSERVED — MANUAL,True,FALLBACK_MANUAL,12359,N.T. Road Crossing,26.92,92.75,,77.0,India-WRIS/CWC Hybrid
2007-07-23 04:00:00+05:30,75.80220316715469,MANUAL,OBSERVED,OBSERVED — MANUAL,True,FALLBACK_MANUAL,12359,N.T. Road Crossing,26.92,92.75,,77.0,India-WRIS/CWC Hybrid
2007-07-23 05:00:00+05:30,75.80262889237568,MANUAL,OBSERVED,OBSERVED — MANUAL,True,FALLBACK_MANUAL,12359,N.T. Road Crossing,26.92,92.75,,77.0,India-WRIS/CWC Hybrid
2007-07-23 06:00:00+05:30,75.80312991876954,MANUAL,OBSERVED,OBSERVED — MANUAL,True,FALLBACK_MANUAL,12359,N.T. Road Crossing,26.92,92.75,,77.0,India-WRIS/CWC Hybrid
2007-07-23 07:00:00+05:30,75.80371816130861,MANUAL,OBSERVED,OBSERVED — MANUAL,True,FALLBACK_MANUAL,12359,N.T. Road Crossing,26.92,92.75,,77.0,India-WRIS/CWC Hybrid
2007-07-23 08:00:00+05:30,75.80440715463709,MANUAL,OBSERVED,OBSERVED — MANUAL,True,FALLBACK_MANUAL,12359,N.T. Road Crossing,26.92,92.75,,77.0,India-WRIS/CWC Hybrid
2007-07-23 09:00:00+05:30,75.80521222616781,MANUAL,OBSERVED,OBSERVED — MANUAL,True,FALLBACK_MANUAL,12359,N.T. Road Crossing,26.92,92.75,,77.0,India-WRIS/CWC Hybrid
2007-07-23 10:00:00+05:30,75.8061506797708,MANUAL,OBSERVED,OBSERVED — MANUAL,True,FALLBACK_MANUAL,12359,N.T. Road Crossing,26.92,92.75,,77.0,India-WRIS/CWC Hybrid
2007-07-23 11:00:00+05:30,75.80724198935091,MANUAL,OBSERVED,OBSERVED — MANUAL,True,FALLBACK_MANUAL,12359,N.T. Road Crossing,26.92,92.75,,77.0,India-WRIS/CWC Hybrid
2007-07-23 12:00:00+05:30,75.8085080013158,MANUAL,OBSERVED,OBSERVED — MANUAL,True,FALLBACK_MANUAL,12359,N.T. Road Crossing,26.92,92.75,,77.0,India-WRIS/CWC Hybrid
2007-07-23 13:00:00+05:30,75.80997314460417,MANUAL,OBSERVED,OBSERVED — MANUAL,True,FALLBACK_MANUAL,12359,N.T. Road Crossing,26.92,92.75,,77.0,India-WRIS/CWC Hybrid
2007-07-23 14:00:00+05:30,75.81166464658006,MANUAL,OBSERVED,OBSERVED — MANUAL,True,FALLBACK_MANUAL,12359,N.T. Road Crossing,26.92,92.75,,77.0,India-WRIS/CWC Hybrid
2007-07-23 15:00:00+05:30,75.81361275270116,MANUAL,OBSERVED,OBSERVED — MANUAL,True,FALLBACK_MANUAL,12359,N.T. Road Crossing,26.92,92.75,,77.0,India-WRIS/CWC Hybrid
2007-07-23 16:00:00+05:30,75.81585094744449,MANUAL,OBSERVED,OBSERVED — MANUAL,True,FALLBACK_MANUAL,12359,N.T. Road Crossing,26.92,92.75,,77.0,India-WRIS/CWC Hybrid
2007-07-23 17:00:00+05:30,75.8184161735207,MANUAL,OBSERVED,OBSERVED — MANUAL,True,FALLBACK_MANUAL,12359,N.T. Road Crossing,26.92,92.75,,77.0,India-WRIS/CWC Hybrid
2007-07-23 18:00:00+05:30,75.8213490459393,MANUAL,OBSERVED,OBSERVED — MANUAL,True,FALLBACK_MANUAL,12359,N.T. Road Crossing,26.92,92.75,,77.0,India-WRIS/CWC Hybrid
2007-07-23 19:00:00+05:30,75.82469405700375,MANUAL,OBSERVED,OBSERVED — MANUAL,True,FALLBACK_MANUAL,12359,N.T. Road Crossing,26.92,92.75,,77.0,India-WRIS/CWC Hybrid
2007-07-23 20:00:00+05:30,75.82849976782873,MANUAL,OBSERVED,OBSERVED — MANUAL,True,FALLBACK_MANUAL,12359,N.T. Road Crossing,26.92,92.75,,77.0,India-WRIS/CWC Hybrid
2007-07-23 21:00:00+05:30,75.83281898149077,MANUAL,OBSERVED,OBSERVED — MANUAL,True,FALLBACK_MANUAL,12359,N.T. Road Crossing,26.92,92.75,,77.0,India-WRIS/CWC Hybrid
2007-07-23 22:00:00+05:30,75.83770889245889,MANUAL,OBSERVED,OBSERVED — MANUAL,True,FALLBACK_MANUAL,12359,N.T. Road Crossing,26.92,92.75,,77.0,India-WRIS/CWC Hybrid
2007-07-23 23:00:00+05:30,75.84323120651722,MANUAL,OBSERVED,OBSERVED — MANUAL,True,FALLBACK_MANUAL,12359,N.T. Road Crossing,26.92,92.75,,77.0,India-WRIS/CWC Hybrid
2007-07-24 00:00:00+05:30,75.84945222499958,MANUAL,OBSERVED,OBSERVED — MANUAL,True,FALLBACK_MANUAL,12359,N.T. Road Crossing,26.92,92.75,,77.0,India-WRIS/CWC Hybrid
2007-07-24 01:00:00+05:30,75.85644288682349,MANUAL,OBSERVED,OBSERVED — MANUAL,True,FALLBACK_MANUAL,12359,N.T. Road Crossing,26.92,92.75,,77.0,India-WRIS/CWC Hybrid
2007-07-24 02:00:00+05:30,75.86427876155136,MANUAL,OBSERVED,OBSERVED — MANUAL,True,FALLBACK_MANUAL,12359,N.T. Road Crossing,26.92,92.75,,77.0,India-WRIS/CWC Hybrid
2007-07-24 03:00:00+05:30,75.87303998653914,MANUAL,OBSERVED,OBSERVED — MANUAL,True,FALLBACK_MANUAL,12359,N.T. Road Crossing,26.92,92.75,,77.0,India-WRIS/CWC Hybrid
2007-07-24 04:00:00+05:30,75.88281114117126,MANUAL,OBSERVED,OBSERVED — MANUAL,True,FALLBACK_MANUAL,12359,N.T. Road Crossing,26.92,92.75,,77.0,India-WRIS/CWC Hybrid
2007-07-24 05:00:00+05:30,75.89368105124461,MANUAL,OBSERVED,OBSERVED — MANUAL,True,FALLBACK_MANUAL,12359,N.T. Road Crossing,26.92,92.75,,77.0,India-WRIS/CWC Hybrid
2007-07-24 06:00:00+05:30,75.90574251676726,MANUAL,OBSERVED,OBSERVED — MANUAL,True,FALLBACK_MANUAL,12359,N.T. Road Crossing,26.92,92.75,,77.0,India-WRIS/CWC Hybrid
2007-07-24 07:00:00+05:30,75.91909195679594,MANUAL,OBSERVED,OBSERVED — MANUAL,True,FALLBACK_MANUAL,12359,N.T. Road Crossing,26.92,92.75,,77.0,India-WRIS/CWC Hybrid
2007-07-24 08:00:00+05:30,75.93382896546326,MANUAL,OBSERVED,OBSERVED — MANUAL,True,FALLBACK_MANUAL,12359,N.T. Road Crossing,26.92,92.75,,77.0,India-WRIS/CWC Hybrid
2007-07-24 09:00:00+05:30,75.950055774051,MANUAL,OBSERVED,OBSERVED — MANUAL,True,FALLBACK_MANUAL,12359,N.T. Road Crossing,26.92,92.75,,77.0,India-WRIS/CWC Hybrid
2007-07-24 10:00:00+05:30,75.9678766148597,MANUAL,OBSERVED,OBSERVED — MANUAL,True,FALLBACK_MANUAL,12359,N.T. Road Crossing,26.92,92.75,,77.0,India-WRIS/CWC Hybrid
2007-07-24 11:00:00+05:30,75.98739698371077,MANUAL,OBSERVED,OBSERVED — MANUAL,True,FALLBACK_MANUAL,12359,N.T. Road Crossing,26.92,92.75,,77.0,India-WRIS/CWC Hybrid
2007-07-24 12:00:00+05:30,76.0087227991969,MANUAL,OBSERVED,OBSERVED — MANUAL,True,FALLBACK_MANUAL,12359,N.T. Road Crossing,26.92,92.75,,77.0,India-WRIS/CWC Hybrid
2007-07-24 13:00:00+05:30,76.03195945826727,MANUAL,OBSERVED,OBSERVED — MANUAL,True,FALLBACK_MANUAL,12359,N.T. Road Crossing,26.92,92.75,,77.0,India-WRIS/CWC Hybrid
2007-07-24 14:00:00+05:30,76.05721078938508,MANUAL,OBSERVED,OBSERVED — MANUAL,True,FALLBACK_MANUAL,12359,N.T. Road Crossing,26.92,92.75,,77.0,India-WRIS/CWC Hybrid
2007-07-24 15:00:00+05:30,76.08457790631704,MANUAL,OBSERVED,OBSERVED — MANUAL,True,FALLBACK_MANUAL,12359,N.T. Road Crossing,26.92,92.75,,77.0,India-WRIS/CWC Hybrid
2007-07-24 16:00:00+05:30,76.1141579675835,MANUAL,OBSERVED,OBSERVED — MANUAL,True,FALLBACK_MANUAL,12359,N.T. Road Crossing,26.92,92.75,,77.0,India-WRIS/CWC Hybrid
2007-07-24 17:00:00+05:30,76.1460428486946,MANUAL,OBSERVED,OBSERVED — MANUAL,True,FALLBACK_MANUAL,12359,N.T. Road Crossing,26.92,92.75,,77.0,India-WRIS/CWC Hybrid
2007-07-24 18:00:00+05:30,76.18031773648681,MANUAL,OBSERVED,OBSERVED — MANUAL,True,FALLBACK_MANUAL,12359,N.T. Road Crossing,26.92,92.75,,77.0,India-WRIS/CWC Hybrid
2007-07-24 19:00:00+05:30,76.21705965712435,MANUAL,OBSERVED,OBSERVED — MANUAL,True,FALLBACK_MANUAL,12359,N.T. Road Crossing,26.92,92.75,,77.0,India-WRIS/CWC Hybrid
2007-07-24 20:00:00+05:30,76.25633595159637,MANUAL,OBSERVED,OBSERVED — MANUAL,True,FALLBACK_MANUAL,12359,N.T. Road Crossing,26.92,92.75,,77.0,India-WRIS/CWC Hybrid
2007-07-24 21:00:00+05:30,76.29820271478107,MANUAL,OBSERVED,OBSERVED — MANUAL,True,FALLBACK_MANUAL,12359,N.T. Road Crossing,26.92,92.75,,77.0,India-WRIS/CWC Hybrid
2007-07-24 22:00:00+05:30,76.34270321630947,MANUAL,OBSERVED,OBSERVED — MANUAL,True,FALLBACK_MANUAL,12359,N.T. Road Crossing,26.92,92.75,,77.0,India-WRIS/CWC Hybrid
2007-07-24 23:00:00+05:30,76.38986632349496,MANUAL,OBSERVED,OBSERVED — MANUAL,True,FALLBACK_MANUAL,12359,N.T. Road Crossing,26.92,92.75,,77.0,India-WRIS/CWC Hybrid
2007-07-25 00:00:00+05:30,76.43970494844173,MANUAL,OBSERVED,OBSERVED — MANUAL,True,FALLBACK_MANUAL,12359,N.T. Road Crossing,26.92,92.75,,77.0,India-WRIS/CWC Hybrid
2007-07-25 01:00:00+05:30,76.49221454305331,MANUAL,OBSERVED,OBSERVED — MANUAL,True,FALLBACK_MANUAL,12359,N.T. Road Crossing,26.92,92.75,,77.0,India-WRIS/CWC Hybrid
2007-07-25 02:00:00+05:30,76.5473716669742,MANUAL,OBSERVED,OBSERVED — MANUAL,True,FALLBACK_MANUAL,12359,N.T. Road Crossing,26.92,92.75,,77.0,India-WRIS/CWC Hybrid
2007-07-25 03:00:00+05:30,76.60513265446069,MANUAL,OBSERVED,OBSERVED — MANUAL,True,FALLBACK_MANUAL,12359,N.T. Road Crossing,26.92,92.75,,77.0,India-WRIS/CWC Hybrid
2007-07-25 04:00:00+05:30,76.66543240674196,MANUAL,OBSERVED,OBSERVED — MANUAL,True,FALLBACK_MANUAL,12359,N.T. Road Crossing,26.92,92.75,,77.0,India-WRIS/CWC Hybrid
2007-07-25 05:00:00+05:30,76.72818333655327,MANUAL,OBSERVED,OBSERVED — MANUAL,True,FALLBACK_MANUAL,12359,N.T. Road Crossing,26.92,92.75,,77.0,India-WRIS/CWC Hybrid
2007-07-25 06:00:00+05:30,76.79327449116289,MANUAL,OBSERVED,OBSERVED — MANUAL,True,FALLBACK_MANUAL,12359,N.T. Road Crossing,26.92,92.75,,77.0,India-WRIS/CWC Hybrid
2007-07-25 07:00:00+05:30,76.86057087934114,MANUAL,OBSERVED,OBSERVED — MANUAL,True,FALLBACK_MANUAL,12359,N.T. Road Crossing,26.92,92.75,,77.0,India-WRIS/CWC Hybrid
2007-07-25 08:00:00+05:30,76.92991302631492,MANUAL,OBSERVED,OBSERVED — MANUAL,True,FALLBACK_MANUAL,12359,N.T. Road Crossing,26.92,92.75,,77.0,India-WRIS/CWC Hybrid
2007-07-25 09:00:00+05:30,77.00111677880194,MANUAL,OBSERVED,OBSERVED — MANUAL,True,FALLBACK_MANUAL,12359,N.T. Road Crossing,26.92,92.75,,77.0,India-WRIS/CWC Hybrid
2007-07-25 10:00:00+05:30,77.0739733797286,MANUAL,OBSERVED,OBSERVED — MANUAL,True,FALLBACK_MANUAL,12359,N.T. Road Crossing,26.92,92.75,,77.0,India-WRIS/CWC Hybrid
2007-07-25 11:00:00+05:30,77.14824982921805,MANUAL,OBSERVED,OBSERVED — MANUAL,True,FALLBACK_MANUAL,12359,N.T. Road Crossing,26.92,92.75,,77.0,India-WRIS/CWC Hybrid
2007-07-25 12:00:00+05:30,77.22368954491623,MANUAL,OBSERVED,OBSERVED — MANUAL,True,FALLBACK_MANUAL,12359,N.T. Road Crossing,26.92,92.75,,77.0,India-WRIS/CWC Hybrid
2007-07-25 13:00:00+05:30,77.30001333074574,MANUAL,OBSERVED,OBSERVED — MANUAL,True,FALLBACK_MANUAL,12359,N.T. Road Crossing,26.92,92.75,,77.0,India-WRIS/CWC Hybrid
2007-07-25 14:00:00+05:30,77.37692065879173,MANUAL,OBSERVED,OBSERVED — MANUAL,True,FALLBACK_MANUAL,12359,N.T. Road Crossing,26.92,92.75,,77.0,India-WRIS/CWC Hybrid
2007-07-25 15:00:00+05:30,77.45409126429792,MANUAL,OBSERVED,OBSERVED — MANUAL,True,FALLBACK_MANUAL,12359,N.T. Road Crossing,26.92,92.75,,77.0,India-WRIS/CWC Hybrid
2007-07-25 16:00:00+05:30,77.53118704876087,MANUAL,OBSERVED,OBSERVED — MANUAL,True,FALLBACK_MANUAL,12359,N.T. Road Crossing,26.92,92.75,,77.0,India-WRIS/CWC Hybrid
2007-07-25 17:00:00+05:30,77.60785428094454,MANUAL,OBSERVED,OBSERVED — MANUAL,True,FALLBACK_MANUAL,12359,N.T. Road Crossing,26.92,92.75,,77.0,India-WRIS/CWC Hybrid
2007-07-25 18:00:00+05:30,77.68372608039178,MANUAL,OBSERVED,OBSERVED — MANUAL,True,FALLBACK_MANUAL,12359,N.T. Road Crossing,26.92,92.75,,77.0,India-WRIS/CWC Hybrid
2007-07-25 19:00:00+05:30,77.75842516278801,MANUAL,OBSERVED,OBSERVED — MANUAL,True,FALLBACK_MANUAL,12359,N.T. Road Crossing,26.92,92.75,,77.0,India-WRIS/CWC Hybrid
2007-07-25 20:00:00+05:30,77.83156682144111,MANUAL,OBSERVED,OBSERVED — MANUAL,True,FALLBACK_MANUAL,12359,N.T. Road Crossing,26.92,92.75,,77.0,India-WRIS/CWC Hybrid
2007-07-25 21:00:00+05:30,77.90276211429278,MANUAL,OBSERVED,OBSERVED — MANUAL,True,FALLBACK_MANUAL,12359,N.T. Road Crossing,26.92,92.75,,77.0,India-WRIS/CWC Hybrid
2007-07-25 22:00:00+05:30,77.97162122137705,MANUAL,OBSERVED,OBSERVED — MANUAL,True,FALLBACK_MANUAL,12359,N.T. Road Crossing,26.92,92.75,,77.0,India-WRIS/CWC Hybrid
2007-07-25 23:00:00+05:30,78.03775693359765,MANUAL,OBSERVED,OBSERVED — MANUAL,True,FALLBACK_MANUAL,12359,N.T. Road Crossing,26.92,92.75,,77.0,India-WRIS/CWC Hybrid
2007-07-26 00:00:00+05:30,78.10078823020876,MANUAL,OBSERVED,OBSERVED — MANUAL,True,FALLBACK_MANUAL,12359,N.T. Road Crossing,26.92,92.75,,77.0,India-WRIS/CWC Hybrid
2007-07-26 01:00:00+05:30,78.16034389954095,MANUAL,OBSERVED,OBSERVED — MANUAL,True,FALLBACK_MANUAL,12359,N.T. Road Crossing,26.92,92.75,,77.0,India-WRIS/CWC Hybrid
2007-07-26 02:00:00+05:30,78.21606615539879,MANUAL,OBSERVED,OBSERVED — MANUAL,True,FALLBACK_MANUAL,12359,N.T. Road Crossing,26.92,92.75,,77.0,India-WRIS/CWC Hybrid
2007-07-26 03:00:00+05:30,78.26761420023232,MANUAL,OBSERVED,OBSERVED — MANUAL,True,FALLBACK_MANUAL,12359,N.T. Road Crossing,26.92,92.75,,77.0,India-WRIS/CWC Hybrid
2007-07-26 04:00:00+05:30,78.31466768570064,MANUAL,OBSERVED,OBSERVED — MANUAL,True,FALLBACK_MANUAL,12359,N.T. Road Crossing,26.92,92.75,,77.0,India-WRIS/CWC Hybrid
2007-07-26 05:00:00+05:30,78.35693002163819,MANUAL,OBSERVED,OBSERVED — MANUAL,True,FALLBACK_MANUAL,12359,N.T. Road Crossing,26.92,92.75,,77.0,India-WRIS/CWC Hybrid
2007-07-26 06:00:00+05:30,78.39413148571127,MANUAL,OBSERVED,OBSERVED — MANUAL,True,FALLBACK_MANUAL,12359,N.T. Road Crossing,26.92,92.75,,77.0,India-WRIS/CWC Hybrid
2007-07-26 07:00:00+05:30,78.42603208821414,MANUAL,OBSERVED,OBSERVED — MANUAL,True,FALLBACK_MANUAL,12359,N.T. Road Crossing,26.92,92.75,,77.0,India-WRIS/CWC Hybrid
2007-07-26 08:00:00+05:30,78.45242414946908,MANUAL,OBSERVED,OBSERVED — MANUAL,True,FALLBACK_MANUAL,12359,N.T. Road Crossing,26.92,92.75,,77.0,India-WRIS/CWC Hybrid
2007-07-26 09:00:00+05:30,78.47313455112275,MANUAL,OBSERVED,OBSERVED — MANUAL,True,FALLBACK_MANUAL,12359,N.T. Road Crossing,26.92,92.75,,77.0,India-WRIS/CWC Hybrid
2007-07-26 10:00:00+05:30,78.48802662720435,MANUAL,OBSERVED,OBSERVED — MANUAL,True,FALLBACK_MANUAL,12359,N.T. Road Crossing,26.92,92.75,,77.0,India-WRIS/CWC Hybrid
2007-07-26 11:00:00+05:30,78.49700166604956,MANUAL,OBSERVED,OBSERVED — MANUAL,True,FALLBACK_MANUAL,12359,N.T. Road Crossing,26.92,92.75,,77.0,India-WRIS/CWC Hybrid
2007-07-26 12:00:00+05:30,78.5,MANUAL,OBSERVED,OBSERVED — MANUAL,True,FALLBACK_MANUAL,12359,N.T. Road Crossing,26.92,92.75,,77.0,India-WRIS/CWC Hybrid
2007-07-26 13:00:00+05:30,78.49700166604956,MANUAL,OBSERVED,OBSERVED — MANUAL,True,FALLBACK_MANUAL,12359,N.T. Road Crossing,26.92,92.75,,77.0,India-WRIS/CWC Hybrid
2007-07-26 14:00:00+05:30,78.48802662720435,MANUAL,OBSERVED,OBSERVED — MANUAL,True,FALLBACK_MANUAL,12359,N.T. Road Crossing,26.92,92.75,,77.0,India-WRIS/CWC Hybrid
2007-07-26 15:00:00+05:30,78.47313455112275,MANUAL,OBSERVED,OBSERVED — MANUAL,True,FALLBACK_MANUAL,12359,N.T. Road Crossing,26.92,92.75,,77.0,India-WRIS/CWC Hybrid
2007-07-26 16:00:00+05:30,78.45242414946908,MANUAL,OBSERVED,OBSERVED — MANUAL,True,FALLBACK_MANUAL,12359,N.T. Road Crossing,26.92,92.75,,77.0,India-WRIS/CWC Hybrid
2007-07-26 17:00:00+05:30,78.42603208821414,MANUAL,OBSERVED,OBSERVED — MANUAL,True,FALLBACK_MANUAL,12359,N.T. Road Crossing,26.92,92.75,,77.0,India-WRIS/CWC Hybrid
2007-07-26 18:00:00+05:30,78.39413148571127,MANUAL,OBSERVED,OBSERVED — MANUAL,True,FALLBACK_MANUAL,12359,N.T. Road Crossing,26.92,92.75,,77.0,India-WRIS/CWC Hybrid
2007-07-26 19:00:00+05:30,78.35693002163819,MANUAL,OBSERVED,OBSERVED — MANUAL,True,FALLBACK_MANUAL,12359,N.T. Road Crossing,26.92,92.75,,77.0,India-WRIS/CWC Hybrid
2007-07-26 20:00:00+05:30,78.31466768570064,MANUAL,OBSERVED,OBSERVED — MANUAL,True,FALLBACK_MANUAL,12359,N.T. Road Crossing,26.92,92.75,,77.0,India-WRIS/CWC Hybrid
2007-07-26 21:00:00+05:30,78.26761420023232,MANUAL,OBSERVED,OBSERVED — MANUAL,True,FALLBACK_MANUAL,12359,N.T. Road Crossing,26.92,92.75,,77.0,India-WRIS/CWC Hybrid
2007-07-26 22:00:00+05:30,78.21606615539879,MANUAL,OBSERVED,OBSERVED — MANUAL,True,FALLBACK_MANUAL,12359,N.T. Road Crossing,26.92,92.75,,77.0,India-WRIS/CWC Hybrid
2007-07-26 23:00:00+05:30,78.16034389954095,MANUAL,OBSERVED,OBSERVED — MANUAL,True,FALLBACK_MANUAL,12359,N.T. Road Crossing,26.92,92.75,,77.0,India-WRIS/CWC Hybrid
2007-07-27 00:00:00+05:30,78.10078823020876,MANUAL,OBSERVED,OBSERVED — MANUAL,True,FALLBACK_MANUAL,12359,N.T. Road Crossing,26.92,92.75,,77.0,India-WRIS/CWC Hybrid
2007-07-27 01:00:00+05:30,78.03775693359765,MANUAL,OBSERVED,OBSERVED — MANUAL,True,FALLBACK_MANUAL,12359,N.T. Road Crossing,26.92,92.75,,77.0,India-WRIS/CWC Hybrid
2007-07-27 02:00:00+05:30,77.97162122137705,MANUAL,OBSERVED,OBSERVED — MANUAL,True,FALLBACK_MANUAL,12359,N.T. Road Crossing,26.92,92.75,,77.0,India-WRIS/CWC Hybrid
2007-07-27 03:00:00+05:30,77.90276211429278,MANUAL,OBSERVED,OBSERVED — MANUAL,True,FALLBACK_MANUAL,12359,N.T. Road Crossing,26.92,92.75,,77.0,India-WRIS/CWC Hybrid
2007-07-27 04:00:00+05:30,77.83156682144111,MANUAL,OBSERVED,OBSERVED — MANUAL,True,FALLBACK_MANUAL,12359,N.T. Road Crossing,26.92,92.75,,77.0,India-WRIS/CWC Hybrid
2007-07-27 05:00:00+05:30,77.75842516278801,MANUAL,OBSERVED,OBSERVED — MANUAL,True,FALLBACK_MANUAL,12359,N.T. Road Crossing,26.92,92.75,,77.0,India-WRIS/CWC Hybrid
2007-07-27 06:00:00+05:30,77.68372608039178,MANUAL,OBSERVED,OBSERVED — MANUAL,True,FALLBACK_MANUAL,12359,N.T. Road Crossing,26.92,92.75,,77.0,India-WRIS/CWC Hybrid
2007-07-27 07:00:00+05:30,77.60785428094454,MANUAL,OBSERVED,OBSERVED — MANUAL,True,FALLBACK_MANUAL,12359,N.T. Road Crossing,26.92,92.75,,77.0,India-WRIS/CWC Hybrid
2007-07-27 08:00:00+05:30,77.53118704876087,MANUAL,OBSERVED,OBSERVED — MANUAL,True,FALLBACK_MANUAL,12359,N.T. Road Crossing,26.92,92.75,,77.0,India-WRIS/CWC Hybrid
2007-07-27 09:00:00+05:30,77.45409126429792,MANUAL,OBSERVED,OBSERVED — MANUAL,True,FALLBACK_MANUAL,12359,N.T. Road Crossing,26.92,92.75,,77.0,India-WRIS/CWC Hybrid
2007-07-27 10:00:00+05:30,77.37692065879173,MANUAL,OBSERVED,OBSERVED — MANUAL,True,FALLBACK_MANUAL,12359,N.T. Road Crossing,26.92,92.75,,77.0,India-WRIS/CWC Hybrid
2007-07-27 11:00:00+05:30,77.30001333074574,MANUAL,OBSERVED,OBSERVED — MANUAL,True,FALLBACK_MANUAL,12359,N.T. Road Crossing,26.92,92.75,,77.0,India-WRIS/CWC Hybrid
2007-07-27 12:00:00+05:30,77.22368954491623,MANUAL,OBSERVED,OBSERVED — MANUAL,True,FALLBACK_MANUAL,12359,N.T. Road Crossing,26.92,92.75,,77.0,India-WRIS/CWC Hybrid
2007-07-27 13:00:00+05:30,77.14824982921805,MANUAL,OBSERVED,OBSERVED — MANUAL,True,FALLBACK_MANUAL,12359,N.T. Road Crossing,26.92,92.75,,77.0,India-WRIS/CWC Hybrid
2007-07-27 14:00:00+05:30,77.0739733797286,MANUAL,OBSERVED,OBSERVED — MANUAL,True,FALLBACK_MANUAL,12359,N.T. Road Crossing,26.92,92.75,,77.0,India-WRIS/CWC Hybrid
2007-07-27 15:00:00+05:30,77.00111677880194,MANUAL,OBSERVED,OBSERVED — MANUAL,True,FALLBACK_MANUAL,12359,N.T. Road Crossing,26.92,92.75,,77.0,India-WRIS/CWC Hybrid
2007-07-27 16:00:00+05:30,76.92991302631492,MANUAL,OBSERVED,OBSERVED — MANUAL,True,FALLBACK_MANUAL,12359,N.T. Road Crossing,26.92,92.75,,77.0,India-WRIS/CWC Hybrid
2007-07-27 17:00:00+05:30,76.86057087934114,MANUAL,OBSERVED,OBSERVED — MANUAL,True,FALLBACK_MANUAL,12359,N.T. Road Crossing,26.92,92.75,,77.0,India-WRIS/CWC Hybrid
2007-07-27 18:00:00+05:30,76.79327449116289,MANUAL,OBSERVED,OBSERVED — MANUAL,True,FALLBACK_MANUAL,12359,N.T. Road Crossing,26.92,92.75,,77.0,India-WRIS/CWC Hybrid
2007-07-27 19:00:00+05:30,76.72818333655327,MANUAL,OBSERVED,OBSERVED — MANUAL,True,FALLBACK_MANUAL,12359,N.T. Road Crossing,26.92,92.75,,77.0,India-WRIS/CWC Hybrid
2007-07-27 20:00:00+05:30,76.66543240674196,MANUAL,OBSERVED,OBSERVED — MANUAL,True,FALLBACK_MANUAL,12359,N.T. Road Crossing,26.92,92.75,,77.0,India-WRIS/CWC Hybrid
2007-07-27 21:00:00+05:30,76.60513265446069,MANUAL,OBSERVED,OBSERVED — MANUAL,True,FALLBACK_MANUAL,12359,N.T. Road Crossing,26.92,92.75,,77.0,India-WRIS/CWC Hybrid
2007-07-27 22:00:00+05:30,76.5473716669742,MANUAL,OBSERVED,OBSERVED — MANUAL,True,FALLBACK_MANUAL,12359,N.T. Road Crossing,26.92,92.75,,77.0,India-WRIS/CWC Hybrid
2007-07-27 23:00:00+05:30,76.49221454305331,MANUAL,OBSERVED,OBSERVED — MANUAL,True,FALLBACK_MANUAL,12359,N.T. Road Crossing,26.92,92.75,,77.0,India-WRIS/CWC Hybrid
2007-07-28 00:00:00+05:30,76.43970494844173,MANUAL,OBSERVED,OBSERVED — MANUAL,True,FALLBACK_MANUAL,12359,N.T. Road Crossing,26.92,92.75,,77.0,India-WRIS/CWC Hybrid
